{"case": {"threshold_kw": 500, "peak_req": 0.95, "battery_hrs": 10}, "technologies": {"pv": {"system_capacity_kw": 900.5300480537716}, "wind": {"turbine_rating_kw": 1212.495717156723}, "battery": {"system_capacity_kw": 500, "system_capacity_kwh": 5000.156489681943}}, "lcoe_real": 0.09774557404892045}