{"case": {"threshold_kw": 500, "peak_req": 0.95, "battery_hrs": 10}, "technologies": {"pv": {"system_capacity_kw": 481.1034779018878}, "wind": {"turbine_rating_kw": 555.0383374645057}, "battery": {"system_capacity_kw": 500, "system_capacity_kwh": 5000}}, "lcoe_real": 0.08976344665391317, "avg_missed_peak_load": 24.99999972176544}