{"case": {"threshold_kw": 500, "peak_req": 0.95, "battery_hrs": 11}, "technologies": {"pv": {"system_capacity_kw": 878.1712821218376}, "wind": {"turbine_rating_kw": 1193.9569696997746}, "battery": {"system_capacity_kw": 500, "system_capacity_kwh": 5500.030871031034}}, "lcoe_real": 0.0990446209962028}