{"case": {"threshold_kw": 500, "peak_req": 0.95, "battery_hrs": 3}, "technologies": {"pv": {"system_capacity_kw": 615.3366006515469}, "wind": {"turbine_rating_kw": 1404.0534728711357}, "battery": {"system_capacity_kw": 500, "system_capacity_kwh": 1500}}, "lcoe_real": 0.10828597692874732, "avg_missed_peak_load": 24.98487721440718}