{"case": {"threshold_kw": 500, "peak_req": 0.95, "battery_hrs": 4}, "technologies": {"pv": {"system_capacity_kw": 1174.3882364571125}, "wind": {"turbine_rating_kw": 1877.3211646404275}, "battery": {"system_capacity_kw": 500, "system_capacity_kwh": 2000.0071952967467}}, "lcoe_real": 0.1145565423496811}