{"case": {"threshold_kw": 500, "peak_req": 0.95, "battery_hrs": 4}, "technologies": {"pv": {"system_capacity_kw": 552.3385997603094}, "wind": {"turbine_rating_kw": 996.919730341014}, "battery": {"system_capacity_kw": 500, "system_capacity_kwh": 2000}}, "lcoe_real": 0.08991021203853217, "avg_missed_peak_load": 24.697537658185862}