{"case": {"threshold_kw": 500, "peak_req": 0.95, "battery_hrs": 5}, "technologies": {"pv": {"system_capacity_kw": 519.2634218576567}, "wind": {"turbine_rating_kw": 830.4038857462033}, "battery": {"system_capacity_kw": 500, "system_capacity_kwh": 2500}}, "lcoe_real": 0.08467908348720785, "avg_missed_peak_load": 24.914928555367855}