{"case": {"threshold_kw": 500, "peak_req": 0.95, "battery_hrs": 5}, "technologies": {"pv": {"system_capacity_kw": 1025.3374587877618}, "wind": {"turbine_rating_kw": 1592.384241806544}, "battery": {"system_capacity_kw": 500, "system_capacity_kwh": 2500.0002734021687}}, "lcoe_real": 0.10289394996360077}