{"case": {"threshold_kw": 500, "peak_req": 0.95, "battery_hrs": 6}, "technologies": {"pv": {"system_capacity_kw": 499.0793609797305}, "wind": {"turbine_rating_kw": 749.5207141943123}, "battery": {"system_capacity_kw": 500, "system_capacity_kwh": 3000}}, "lcoe_real": 0.08406121859072618, "avg_missed_peak_load": 24.988672271843658}