{"case": {"threshold_kw": 500, "peak_req": 0.95, "battery_hrs": 7}, "technologies": {"pv": {"system_capacity_kw": 948.9587167456193}, "wind": {"turbine_rating_kw": 1361.2981635161818}, "battery": {"system_capacity_kw": 500, "system_capacity_kwh": 3500.2576473389217}}, "lcoe_real": 0.09720280297974931}