{"case": {"threshold_kw": 500, "peak_req": 0.95, "battery_hrs": 7}, "technologies": {"pv": {"system_capacity_kw": 478.3141920875593}, "wind": {"turbine_rating_kw": 702.8147961759893}, "battery": {"system_capacity_kw": 500, "system_capacity_kwh": 3500}}, "lcoe_real": 0.08513425348705042, "avg_missed_peak_load": 24.814720575951878}