{"case": {"threshold_kw": 500, "peak_req": 0.95, "battery_hrs": 8}, "technologies": {"pv": {"system_capacity_kw": 1025.3111083018944}, "wind": {"turbine_rating_kw": 1092.5310851529418}, "battery": {"system_capacity_kw": 500, "system_capacity_kwh": 4000.027474067858}}, "lcoe_real": 0.09121941000671577}