{"case": {"threshold_kw": 500, "peak_req": 0.95, "battery_hrs": 8}, "technologies": {"pv": {"system_capacity_kw": 476.7813890135402}, "wind": {"turbine_rating_kw": 639.9408038702445}, "battery": {"system_capacity_kw": 500, "system_capacity_kwh": 4000}}, "lcoe_real": 0.08583856186243129, "avg_missed_peak_load": 24.862490582640316}