{"case": {"threshold_kw": 500, "peak_req": 0.95, "battery_hrs": 9}, "technologies": {"pv": {"system_capacity_kw": 909.2037562498729}, "wind": {"turbine_rating_kw": 1266.5345029773177}, "battery": {"system_capacity_kw": 500, "system_capacity_kwh": 4500.003819490822}}, "lcoe_real": 0.09765054945316301}