{"case": {"threshold_kw": 500, "peak_req": 0.95, "battery_hrs": 9}, "technologies": {"pv": {"system_capacity_kw": 481.81225912971763}, "wind": {"turbine_rating_kw": 591.0867369640989}, "battery": {"system_capacity_kw": 500, "system_capacity_kwh": 4500}}, "lcoe_real": 0.08752076013910942, "avg_missed_peak_load": 24.64749149778761}