{"case": {"battery_capacity_kw": 600, "battery_capacity_kwh": 1200.0, "threshold_kw": 500, "missed_allowed": 30}, "technologies": {"pv": {"system_capacity_kw": 575.4725929339215}, "wind": {"turbine_rating_kw": 1442.5678341307384}, "battery": {"system_capacity_kw": 600, "system_capacity_kwh": 1200.0}}, "lcoe_real": 0.11252680307178195, "avg_missed_peak_load": 29.970230748656483}