{"case": {"battery_capacity_kw": 600, "battery_capacity_kwh": 1350.0, "threshold_kw": 500, "missed_allowed": 30}, "technologies": {"pv": {"system_capacity_kw": 541.8807079902382}, "wind": {"turbine_rating_kw": 1207.8824484107251}, "battery": {"system_capacity_kw": 600, "system_capacity_kwh": 1350.0}}, "lcoe_real": 0.10159818359233547, "avg_missed_peak_load": 29.978625407199043}