{"case": {"battery_capacity_kw": 600, "battery_capacity_kwh": 1500.0, "threshold_kw": 500, "missed_allowed": 30}, "technologies": {"pv": {"system_capacity_kw": 509.02007661530587}, "wind": {"turbine_rating_kw": 1013.8234153365996}, "battery": {"system_capacity_kw": 600, "system_capacity_kwh": 1500.0}}, "lcoe_real": 0.09311244042060322, "avg_missed_peak_load": 29.98352300891183}