{"case": {"battery_capacity_kw": 600, "battery_capacity_kwh": 2400.0, "threshold_kw": 500, "missed_allowed": 30}, "technologies": {"pv": {"system_capacity_kw": 459.33151747498056}, "wind": {"turbine_rating_kw": 439.4157336745066}, "battery": {"system_capacity_kw": 600, "system_capacity_kwh": 2400.0}}, "lcoe_real": 0.08201354705799785, "avg_missed_peak_load": 22.828260951161425}