{"case": {"battery_capacity_kw": 600, "battery_capacity_kwh": 2850.0, "threshold_kw": 500, "missed_allowed": 30}, "technologies": {"pv": {"system_capacity_kw": 479.51579970718313}, "wind": {"turbine_rating_kw": 450.82470093722077}, "battery": {"system_capacity_kw": 600, "system_capacity_kwh": 2850.0}}, "lcoe_real": 0.08587620233240954, "avg_missed_peak_load": 12.863051294507661}