{"case": {"battery_capacity_kw": 600, "battery_capacity_kwh": 3000.0, "threshold_kw": 500, "missed_allowed": 30}, "technologies": {"pv": {"system_capacity_kw": 489.59480761741725}, "wind": {"turbine_rating_kw": 455.02568705757545}, "battery": {"system_capacity_kw": 600, "system_capacity_kwh": 3000.0}}, "lcoe_real": 0.08733094549685712, "avg_missed_peak_load": 10.63723124452889}